{"cameraMode":{"drawMode":0,"name":"Shaded","section":"Shading Mode"},"sceneLighting":true,"audioPlay":false,"sceneViewState":{"m_AlwaysRefresh":false,"showFog":true,"showSkybox":true,"showFlares":true,"showImageEffects":true,"showParticleSystems":true,"showVisualEffectGraphs":true,"m_FxEnabled":true},"in2DMode":false,"pivot":{"x":1.5600513219833375,"y":0.568540096282959,"z":15.76923656463623},"rotation":{"x":-0.20031261444091798,"y":-0.07063591480255127,"z":0.014203871600329876,"w":-0.9771117568016052},"size":5.966026306152344,"orthographic":false}