{"cameraMode":{"drawMode":0,"name":"Shaded","section":"Shading Mode"},"sceneLighting":true,"audioPlay":false,"sceneViewState":{"m_AlwaysRefresh":false,"showFog":true,"showSkybox":true,"showFlares":true,"showImageEffects":true,"showParticleSystems":true,"showVisualEffectGraphs":true,"m_FxEnabled":true},"in2DMode":false,"pivot":{"x":-0.3798748850822449,"y":0.9902353286743164,"z":18.014734268188478},"rotation":{"x":-0.1744128316640854,"y":0.1206299439072609,"z":-0.021813800558447839,"w":-0.9770455360412598},"size":6.6949687004089359,"orthographic":false}