{"cameraMode":{"drawMode":0,"name":"Shaded","section":"Shading Mode"},"sceneLighting":true,"audioPlay":false,"sceneViewState":{"m_AlwaysRefresh":false,"showFog":true,"showSkybox":true,"showFlares":true,"showImageEffects":true,"showParticleSystems":true,"showVisualEffectGraphs":true,"m_FxEnabled":true},"in2DMode":false,"pivot":{"x":-3.9315342903137209,"y":6.996611595153809,"z":2.7441627979278566},"rotation":{"x":0.21692784130573274,"y":0.01716654747724533,"z":-0.0035153089556843044,"w":0.9760858416557312},"size":0.8660253882408142,"orthographic":false}