{"cameraMode":{"drawMode":0,"name":"Shaded","section":"Shading Mode"},"sceneLighting":false,"audioPlay":false,"sceneViewState":{"m_AlwaysRefresh":false,"showFog":false,"showSkybox":false,"showFlares":false,"showImageEffects":false,"showParticleSystems":false,"showVisualEffectGraphs":true,"m_FxEnabled":true},"in2DMode":false,"pivot":{"x":0.000013053417205810547,"y":0.87321937084198,"z":-0.0442812442779541},"rotation":{"x":0.08889363706111908,"y":-0.7212604880332947,"z":0.09421925991773606,"w":0.6804555058479309},"size":1.1496591567993165,"orthographic":false}