{"cameraMode":{"drawMode":0,"name":"Shaded","section":"Shading Mode"},"sceneLighting":false,"audioPlay":false,"sceneViewState":{"m_AlwaysRefresh":false,"showFog":true,"showSkybox":false,"showFlares":true,"showImageEffects":true,"showParticleSystems":true,"showVisualEffectGraphs":true,"m_FxEnabled":true},"in2DMode":false,"pivot":{"x":-9.745043754577637,"y":1.5799741744995118,"z":-1.1260323524475098},"rotation":{"x":0.39597252011299136,"y":0.05863738805055618,"z":-0.02535598911345005,"w":0.9160671234130859},"size":4.9265851974487309,"orthographic":false}