{"cameraMode":{"drawMode":0,"name":"Shaded","section":"Shading Mode"},"sceneLighting":false,"audioPlay":false,"sceneViewState":{"m_AlwaysRefresh":false,"showFog":false,"showSkybox":false,"showFlares":false,"showImageEffects":false,"showParticleSystems":false,"showVisualEffectGraphs":true,"m_FxEnabled":true},"in2DMode":false,"pivot":{"x":0.012832671403884888,"y":0.06003589928150177,"z":-0.35233402252197268},"rotation":{"x":0.0949840173125267,"y":-0.8329839706420898,"z":0.15105843544006349,"w":0.5237439870834351},"size":0.5158897042274475,"orthographic":false}