{"cameraMode":{"drawMode":0,"name":"Shaded","section":"Shading Mode"},"sceneLighting":false,"audioPlay":false,"sceneViewState":{"m_AlwaysRefresh":false,"showFog":false,"showSkybox":false,"showFlares":false,"showImageEffects":false,"showParticleSystems":false,"showVisualEffectGraphs":true,"m_FxEnabled":true},"in2DMode":false,"pivot":{"x":-0.04330259561538696,"y":0.1760178506374359,"z":-0.40936940908432009},"rotation":{"x":0.0009462222806178033,"y":0.7319316267967224,"z":-0.6814315319061279,"w":0.0006136291776783764},"size":0.2157999873161316,"orthographic":false}