{"cameraMode":{"drawMode":0,"name":"Shaded","section":"Shading Mode"},"sceneLighting":false,"audioPlay":false,"sceneViewState":{"m_AlwaysRefresh":false,"showFog":false,"showSkybox":false,"showFlares":false,"showImageEffects":false,"showParticleSystems":false,"showVisualEffectGraphs":true,"m_FxEnabled":true},"in2DMode":false,"pivot":{"x":-0.015584439039230347,"y":0.05797531455755234,"z":-0.3787831664085388},"rotation":{"x":0.0008863131515681744,"y":-0.9935519695281982,"z":0.11315329372882843,"w":0.0077458820305764679},"size":0.546022355556488,"orthographic":false}