{"cameraMode":{"drawMode":0,"name":"Shaded","section":"Shading Mode"},"sceneLighting":false,"audioPlay":false,"sceneViewState":{"m_AlwaysRefresh":false,"showFog":true,"showSkybox":false,"showFlares":true,"showImageEffects":true,"showParticleSystems":true,"showVisualEffectGraphs":true,"m_FxEnabled":true},"in2DMode":false,"pivot":{"x":-0.7467507123947144,"y":1.2269630432128907,"z":0.6990756392478943},"rotation":{"x":-0.01801496557891369,"y":0.7628132104873657,"z":-0.021671894937753679,"w":-0.6460800170898438},"size":0.7835666537284851,"orthographic":false}